model_name; number_of_approximations; coeff_of_determination; MSE 10 samples; MSE 1000 samples;
6_column_4_row_4_KERAS;163840;0.8879883207039488;17.575786590576172;33.762996673583984
6_column_5_row_4_KERAS;131840;0.7618169123451719;17.809364318847656;30.046279907226562
6_column_4_row_5_KERAS;131840;0.8311999662347791;19.474899291992188;33.592063903808594
6_column_5_row_5_KERAS;106090;0.9742683905539422;33.592559814453125;58.5841064453125
7_column_4_row_4_KERAS;163840;0.8329720019677914;7.109706878662109;23.089672088623047
